援例護主有功，定有好處獎賞？又要作弊了，買台彩是傻瓜？中選會主委『陳應鈐』轉任台彩董事長…民進黨的負責任原來是更多的利頭	0	0
傳送之106 年4 月中國廣東省汕頭市銀行強盜殺人案件影片，未詳加查證，即於臉書社團「記憶八德」發布「聽說發生在八德介壽路. . . 」	1	0
聽說鯉魚山有分屍案餒？還在現場喔…	0	0
注意了，注意了，高雄市政府突然採購9 台碎紙機！目的是什麼？市府公務人員請勇做吹哨者！	0	0
還真是奇怪，這個光頭蘇一直說韓先生講話江湖味開口就是酒味！但還沒有人看過一張韓先生不得體相片，是吧！以下另外這張相片，這個光頭佬熟門熟路，右手抹胸，左手摸臀的到底是誰呢？是誰呢？這個光頭佬雙手還一直在揩油！哎！言行不一的爛傢伙！	0	0
台灣悲哀（同志雜交），感染（愛滋病）非常高，難怪蔡英文硬要綠營通過同婚法、讓台灣成愛茲島、這樣中裕製藥才能大撈特撈、這也是蔡英文真正目的、但願大家自求多福了...	1	0
英國買138架最新型的F-35戰機才3619億。菜政府卻要花3900億買66架落後20年的F16戰機，原來美國是這樣支持台灣的，到底老美坑我們台灣呢？還是菜政府坑我們老百姓？菜政府害台灣百姓，大家群起抵抗這無能、貪腐、缺德……更多	0	0
臺灣買F-16V戰機的均價比英國買F35還貴，另外彈藥還要另外購買，大家覺得執政黨這樣亂搞，有天理嗎。	0	0
甲○○爆料：乙○○心中沒有下一代…	0	0
一個人一個黨，要倒要滅，必定要先瘋狂，老天爺也看不下，就用私菸走私讓綠鬼，全部一次滅亡。	0	0
殉職員警的會場，蘇不願意來就別來，拽什麼拽簽完名筆還用丟的	0	0
昨天9/8現場很多人的訊號都收不到，真的是被蓋台了。好可惡現場人山人海啊！但是現場電訊號發不出就有這些可惡的電信干擾！現場人多，但是有一些人是比我們忙碌下賤的！就是如照片中一是專打空拍機的槍、二是干擾訊息的專用的所以現場的line含電話都是它干擾過濾的對象..	1	0
英國向美國買138架最新型F-35戰機，只要3619億台幣。台灣菜政府向美國買66架落後20年的F-16V戰機，欲要花3900億台億。到底誰挺誰，誰坑誰，誰被坑，誰騙誰，誰被騙，台灣百姓要好好想一想	0	0
台灣是凱子？或是凱子爹呀？英國買最新F35，138架才3619億台幣。我們買F-16V（沒有F35戰機好），只有66架竟要3900億台幣。貴了3倍以上～天吖？這麼貴交予美國保護費嗎？太太太不合理	0	0
蔡英文：我就是日本人，我就要當臺灣總統怎麼啦	0	0
登革熱患者最低只要口服三西西巴拉刈，數小時內便可將病媒蚊叮咬的機率下降至趨近於零，且患者因登革熱死亡之機率也會大幅下降……	1	0
蔡英文堂弟蔡世能在桃園成立大日本帝國，希望重建日本政府	0	0
蔡英文堂弟蔡世能在桃園成立大日本帝國，希望重建日本政府	0	0
民進黨政府胡作非為，五鬼搬運掏空台灣！民進黨蔡政府不倒，台灣人民永遠不會好。民進黨蔡政府詐騙集團，很快就會把台灣給玩完了！	0	0
偉大的蔡英文到海地才四小時，就送45億。高雄滅登革熱要五千萬才給二千多萬！媽的！什麼蔡政府	0	0
蔡英文承認為李登輝墮胎多次	0	0
下台，不爽切腹了斷，乎死，海沒蓋去跳海，大走私菸，即捉關起來又禁見，重判刑期，知法犯法，判死刑，即槍斃才公平又公正	0	0
蔡政府支援香港暴力遊行10億、高雄登革熱防治零元	0	0
為什麼執意花3800億去買66架F-16V?根本就是盤子的行為啊…，英國買138架F35也不過3620億..等	0	0
發佈行政院長參加殉職員警公祭之影片及批評訊息	0	0
蔡英文拋棄國旗（人民血汗錢買的）	0	0
國一國三現在就開始教肛交教育、教保險套、國中在教可以自己變性動手術、高三教多元多P的同志教育	1	0
民進黨用NCC控制各大媒體功夫一流吧！連登革熱疫情消息都不敢播報還幫台南市政府隱匿疫情。要不是正義人士用LINE轉PO我看全國同胞都被蒙騙，真是可惡至極。	0	0
震撼！韓國瑜承認帶職參選總統是錯誤選擇	0	0
台幣改版需花費500億元，由全民買單	0	0
「我在機上超買37條香菸，大搖大擺提領直接出關」、「利用特全超買免稅香菸就是貪污」等	0	0
總統車隊又要換了，蔡英文換車換上癮，四年不到換三次車，老百姓的納稅錢真的很好花	0	0
剛剛日本電視播到台灣3天2夜才日幣20000，台幣5千多，離譜吧！政府在貼錢讓日本人玩嗎？上網查詢還真的有勒：每團補助10000元等…」	0	0
臺灣黑鮪魚及大目鮪不實交易價格，及臺灣與日本於中西部太平洋金槍魚類委員會北小委員會會議中，達成有關臺灣黑鮪魚捕撈配額與日本大目鮪捕撈配額交換之互惠協議後將致使臺灣損失約新台幣4億500萬	1	0
蔡英文過境紐約丹佛，免費招待千人宴	0	0
韓國瑜手按啤酒箱	0	0
韓國瑜選總統全國後援會(韓家軍)」網頁貼文發布假民調消息，貼文內容與圖表為「蘋果新聞網9/8新民調韓國瑜市長第一	0	0
澎湖現在正在關押異議人士」等文，內容提及「不知道他被關在哪裡，只知道他被抓了，是合法拘役還是非法監禁，我們無從查證，如果冼○○就這樣被失蹤了，我請各位鄉親替他討回公道」、「…許多不一樣的說詞，查不到判決書，又聽到他人在縣警局被關著…	1	0
大咖就蔡英文啊，進一堆菸自己賣	0	0
張忠謀2020年我支持蔡總統、支持蔡總統捍衛臺灣自由民主自由	0	0
選了民進黨所以國庫耗費4177萬！將迴廊屋頂琉璃由藍色換成綠色！…	0	0
有關政治評論性質內容	0	0
偉大大的蔡英文到海地才四小時、就送了四拾五億、高雄要滅登革熱五千萬才給二千多萬！媽的！什麼政府。	0	0
蔡英文帶她家的貓去看獸醫，沿途警員道路交通管制及隨扈維安人員，還不如他們家的那隻貓	0	0
已涉及公職人員加重洗錢防制法＋公職人員加重財產源不明罪，但綠蛆壓住調查局，不准他們依法叫陳明文去作筆錄，因為陳明文是腐敗民進黨的挺英大將。	0	0
今天香港會是明天的臺灣？為何不也是今天？癱瘓機場破壞地鐵攻擊公署…能發現現今處處拒馬隔絕之政府？從引進暴民開始…政府早已在預謀策動明年1.11敗選後的台灣變香港了	0	0
光光是小林村訴訟，高雄政府寧花1.3億的訴訟費，小林村被滅村，491人的生命，只要求3000萬國賠，竟然官司打10年，寧願給律師費1.3億，不願給小林村災民半毛錢!!!這，就是民黨!這，就是陳菊!!台灣人要覺醒!!	0	0
公開張貼發表經變造製作之總統蔡英文上吊圖片，並有「叛國賊的下場」	0	0
這是台灣小學的課文嗎？我眼睛看錯了嗎？	0	0
某車禍事故死者馮文雄生前曾遭人押走恐嚇，影射馮文雄死因不單純	0	0
巴拉刈是劇毒致癌農藥蔡政府決定再延用一年	0	0
偉大大的蔡英文到海地才四小時、就送了四拾五億、高雄要滅登革熱五千萬才給二千多萬！媽的！什麼政府。	0	0
虛偽之海峽兩岸旅遊交流協會公告之謠言	1	0
蔡英文，你的課本教學生少量吸毒再轟趴	1	0
淫亂台灣同性同婚愛滋樂團不知羞恥」、「修官邸1億2千萬超過前3任16年總和8千萬買車4千萬」	1	0
各位埔里鄉親國六西行方向13K處橋面下陷嚴重不知有立即危險請用路人小心也請有關單位盡速處理	0	0
你們不可以罵中共喔中共會殺你全家喔	0	0
殉職員警的會場，蘇不願意來就別來，拽什麼拽簽完名筆還用丟的	1	0
淫亂台灣同性同婚愛滋樂園不知羞恥	1	0
北一女中二年級組（詩歌朗誦比賽第一名）。（總統府方面施壓力要求不可上傳，大家努力上傳吧！）這些女孩實在是太可愛了！全部記申誡留校查看...『北一女詩歌朗誦比賽-自從我們成了蔡英文婆娘的鄰居』影片	0	0
2020的總統選舉是年輕人與長輩楚河漢界的拔河！是標準的寫真…（我是時代力量議員黃捷她爸爸黃老師）	0	0
我是11/24大安區古亭國小選務人員，說好的明年1/11，還是我們原班人馬做選務。十月初，無聲無息，我打電話去問，我們整批都無預警被換掉了，奇怪的是，往年選務一直都是缺人的，怎麼今年在十月初也沒有對外公.....就怕鄉下地方，沒人全程監票，一轉眼整箱票櫃換掉，是一堆植物人躺床者的票，都被抽出來投給蔡英文，這些做手腳的方法很多、很容易的，	0	0
亡國政府剛剛日本電視播到臺灣3天2夜才日幣20000，台幣5千多，離譜吧！亡國政府，在貼錢讓日本人玩嗎？上網查詢還真的有耶：每團每人補助10000元！難怪在臺北車站，北部旅遊景點東南亞旅客爆增。為什麼不補助臺灣人旅遊？臺灣人自己在臺灣旅遊貴得離譜！拿全國人民繳稅的錢亂花，這就是現在的政府！真的痛心至極！有車友載到韓國團，導遊也是這樣說，每人只繳8000台幣，住五星，來臺灣打高爾夫5天，其他都是你們臺灣政府補助的，聽到真心痛！為了製造觀光客不減反增的假象，這些補助都是你我納稅和砍軍公教年金的錢，拿去給外人花，真是太生氣了	0	0
留言大義滅親，前副總統也呼全國臺灣人民不要再相信蔡英文，貪官汙吏、營私舞弊吃掉國家財產啃完納稅人辛苦血汗錢，走私菸也敢且得了便宜還賣乖，呼2020票投韓國瑜	0	0
實測！檢舉路人亂丟煙蒂能賺多少錢	1	0
民進黨惹禍啦！民進黨要訂定『國安五法，中共代理人法』。將大陸視為敵人，凡言行稍有不慎即會被列為匪諜逮捕，試問誰敢到台灣來，中共為了防止這種綁架式法令，免旅遊客被入罪，因此禁止來台自由行，旅遊業將會崩盤！這就是民進黨造成的惡果！兩岸關係緊張貨就出不去，人也進不來，台灣被害慘，人民倒大楣！	0	0
豬市長、犯豬瘟、聽說桃園犯豬瘟還隱匿不報。	1	0
這個女人花在裝修官邸的錢比防治全國登革熱疫情的經費還要多。這個女人她嫌前任的800萬防彈車不夠好，非2500萬頂級高檔車不坐！這個女人花公款要買每磅18,000元的咖啡豆！這個女人養了32位秘書，每人月領10－12萬（他們都是這個女人或民進黨要角的親戚）！這個女人狠吃狂撈正事不幹，成日全台灣大拜廟，你還能讓他亂花咱們的血汗納稅金嗎？	0	0
受虐女童送往醫院救治、已安置、爸爸被移送了	1	0
民進黨輸不起，作票奧步一一浮現！！！全民監票，中選會已準備要作票，他們已找好自己人，訓練他們如何作票，請大家集思廣益，如何防堵？（原選務人員都不用，用學生，一定有鬼）	1	0
重要提醒，冥禁黨無所不用其極，明年大選除了堅持投韓總以外，記得一定要在選票上簽名，才不會被國家機器做掉!請所有韓家軍幫忙分享	0	0
這種執政黨還能支持嗎？昨天（10/26）花三千萬元，邀請世界各國同性戀者到台北遊行，殘害我們的下一代，你能接受嗎？	0	0
原來這是蔡英文要的，花三千萬搞這種東西，我快吐了！	0	0
重要提醒，冥禁黨無所不用其極，明年大選除了堅持投韓總以外，記得一定要在選票上簽名，才不會被國家機器做掉!請所有韓家軍幫忙分享!	0	0
蔡英文在第98位NO!論文沒通過	0	0
太黑暗了，警察開攤販罰單，還兼告知是韓國瑜指示的，今天在鳳山海光工協市場買菜看到警察開攤販的單，還兼告知是韓市長指示要開的，我個人不相信韓市長會指示警察去開海光攤販的罰單，韓國瑜競選團隊是不是應該去瞭解一下，是不是有心人士要讓基層民眾對韓市長產生不滿以及誤會，故意要惹起地方基層民怨呢？	0	0
一定要轉傳出這訊：蔡政府掏空農漁會七千億，借給南向國家，一定要讓人民知道民進黨不斷地掏空臺灣農民血汗錢	0	0
有關2020年總統選舉之不實言論	1	0
亡國政府剛剛日本電視播到台灣3天2夜才日幣20000，台幣5千多，離譜吧！政府在貼錢讓日本人玩嗎？===上網查詢還真的有勒：每團補助10000元！難怪在台北車站，北部旅遊景點東南亞旅客爆增。為什麼不補助台灣人旅遊？拿老百姓的錢亂花，這就是現在的政府！有車友載到韓國團，導遊也是這樣說，每人只繳8000台幣，住五星，來台灣打高爾夫5天，其他都是你們台灣政府補助的，聽到真心痛...等語云	0	0
蔡英文帶她家貓去看醫生，大概有百人陪那一隻貓去看醫生！	0	0
最新！吳敦義將啟動滅韓計畫！	0	0
施政好不好？下個雨就知道。怎麼？這次下雨都是綠獨縣市（屏東、新竹、臺南、桃園、基隆）淹水	1	0
韓國瑜於5/1（三）上午去世（下一行）新大學進行校園座談	0	0
韓國瑜的民調快速下滑，就是因為中華電信控制了這些民調電話的母數，當民調公司需要做民調時，他們必須向中華電信請求提供電話號碼做為母數，而這些韓粉的電話資料就會被過濾掉，所以韓粉們根本接不到民調電話	1	0
不是政府的錯？蔡英文竟然說：發生的油罐車失火造成橋面斷裂	0	0
NicoleLu我就差沒有槍，不然真的會一槍一槍慢慢的折磨他到說不要不要的，真是個敗類，嘴。	0	0
許多民調機構已經不知不覺被中國收買，甚至直接由中共代理人成立	0	0
警察比較廢還是軍人比較廢	1	0
這是蘇啟誠的訣別書，文官的風骨，最少做到言所當言（這不是假新聞），其中『滿城盡是血滴子，外行領導專職人』明白的寫外交公職職場內鬥及無奈，但執政的外交部、立院、總統府、由內到外都反咬在野，更無反思，真是無…到極點！	1	0
日本1億2700萬人口~愛滋病患者約2萬人。韓國5000萬人口~愛滋病患者約1萬人。台灣2300萬人口~愛滋病患者已暴衝3萬3600人，果然是亞洲4小龍之首!恭賀菜式藥廠大發利市!台灣新增愛滋以每天約6人的速度持續增加中，其中近九成為男男性行為	1	0
覆王基萬:蔡家族在中國有龐大物流租賃產業，每年坐收160億營利，她做總統，其家族跟習近平要了更多的土地。她眼裡沒有台灣及台灣人	0	0
選了民進黨所以國庫耗費4177萬！將迴廊屋頂琉璃由藍色換成綠色！這是中正紀念堂現在進行的工作！日前曾德堂學長的同學吳教授於九三軍人節經過，拍下工程說明！耗費國庫4177萬有變美觀嗎？如果你說有，病的不輕啊，快就醫吧…如果不就醫，害蟲消散了，社會之福	1	0
陳菊時代興建楠梓區污水水泥管偷工減料，竟是用保麗龍做的。楠梓汙水整建工程水泥管竟是保麗龍。#拍電影道具嗎？#貪到無天良#草菅人命	0	0
蔡總統2014年因不道德行為或未遵守紐約州律師規則而遭紐約司法部門暫停紐約州律師執業資格	0	0
蔡英文總統取消愛滋感染者入境限制，係為了增加愛滋罹患人數，進而獲取藥商之龐大利益	1	0
徐國勇：韓國瑜連下雨的淹水不會處理所以他不配當高雄市長	1	0
太黑暗了，警察開攤販罰單，還兼告知是韓國瑜指示的，今天在鳳山海光工協市場買菜看到警察開攤販的單，還兼告知是韓市長指示要開的，我個人不相信韓市長會指示警察去開海光攤販的罰單，韓國瑜競選團隊是不是應該去瞭解一下，是不是有心人士要讓基層民眾對韓市長產生不滿以及誤會，故意要惹起地方基層民怨呢？	0	0
蔡英文，你的課本教學生少量吸毒再轟趴	0	0
◎照過來～代誌大條了！請問蔡英文；聽人家說（如截圖），根據「倫敦政經學院」的「學生紀錄卡」清楚記載；妳念書的學費是由紐約的「亨利盧斯基金會」所提供的；所以妳蔡英文也是國民黨苦心栽培的「抓耙仔、抓牙、菁英、職業學生」…」之一了嗎？請問蔡英文：妳已經沒資格代表台派參選總統了；趕快辭退「代表民進黨的總統參選人」吧！請問，美國AIT；是不是要出來主持「上帝的公義」、叫蔡英文趕快退選了呢？	0	0
蔡英文的背後竟然是……長征，作者：毛澤東，原文：紅軍不怕遠征難，萬水千山只等閒。五嶺逶迤騰細浪，烏蒙磅礡走泥丸。金沙水拍雲崖暖，大渡橋橫鐵索寒。更喜岷山千里雪，三軍過後盡開顏	0	0
港黃大仙一名老人被暴徒打傷致死……蔡政府還力挺香港暴徒，如果這些暴徒明天轉入台灣怎麼辦……。	0	0
放假放到下個月1 號	1	0
剛剛連在台北市的大安區（仁愛國小）也有發生#年輕的選務人員故意不發#以核養綠的公投票...等	0	0
轉貼可能性高的奧步：聽說票已經送出來了，要求公務人員幫忙放進票箱內部夾層。很多公務人員不肯。第二種是已經把不配合的監票人員換成民進黨的黨工	1	0
高雄剛剛海邊港務大樓倒塌	1	0
將黃柏元遭友人以吊車吊起，且燃放鞭炮之照片、影片及文章上傳至社群軟體臉書直播上，並謊稱該照片、影片為某虐童案之繼父，遭網民吊起以沖天砲轟私刑	1	0
你們線上的警察在裝不懂嗎？我們是跟你們宣戰哦。我們是要屠殺你們的，你們這種咖小也跟人出來混。真好笑。在現實被看不起，在臉書又被殺一次，真是壞狗命	0	0
豬市長、犯豬瘟、聽說桃園犯豬瘟還隱匿不報	1	0
蔡英文：韓國瑜上任睡市場，全臺灣女人都會去報名睡覺	0	0
轉貼可能性高的奧步：聽說票已經送出來了，要求公務人員幫忙放進票箱內部夾層。很多公務人員不肯。第二種是已經把不配合的監票人員換成民進黨的黨工	1	0
剛剛一架民航機往新竹機場降落…	0	0
稱李復鄉「為獨居老人及罹患精神疾病」	0	0
高雄前鎮興邦里爆發今年首例登革認疫情、本土感染第一例確診	1	0
女友遭4 位不詳男子以搭訕為由而強行拉扯	1	0
未經查證拍攝臺北市信義區松仁路影像，稱松仁路馬路裂開等不實謠言	1	0
洪瑋廷在成功補習班毆打很多人	0	0
獨雞蛋芬普尼標準將放寬100%就沒有毒雞蛋問題	0	0
當街鬥毆，逢甲娃娃機店，年輕人大亂鬥	1	0
大家有看過流水席嗎？	1	0
因為我之前是宅港里里長，因為學甲區流浪狗過多，就有3件因流浪狗造成人受傷，最後不了了之等等	0	0
現在的七乙怎麼了，夜跑也被砍，不知道誰家的屁孩被超車，不爽就攔下來砍…」、「砍完對方就走？？朋友小傷，路過的車友被砍到進醫院，重點來了，警察怕惹事不給車牌…	1	0
【「爆卦」馬路裂開了】之文章及一張照片（與上開標題合稱系爭言論）	0	0
請傳給群組好友，因為金額不大，很多人單子拿著就到超商繳錢，單子是假的，但單子上匯款條碼確是真的，匯了就到別人口袋裡了！小心請不要上當	0	0
據了解：屏東年底前還有一次大劫難	0	0
「在高雄刺殺了一位韓粉」及內容為「我知道大家都很想這麼做，但我剛剛真的把一個韓粉刺殺到躺在血泊中不確定是否我會被通緝？」	1	0
怎麼？這次下雨都是綠獨縣市淹水	0	0
偉大的蔡英文到海地才四小時，就送45億。高雄滅登革熱要五千萬才給二千多萬！媽的！什麼蔡政府。	1	0
國一國三現在就開始教肛交教育、教保險套、國中在教可以自己變性動手術、高三教多元多P的同志教育	0	0
散布行政院長於參加公祭時摔筆等不實謠言	1	0
奇怪了我的天、昨天我的王老師預言為什麼會被刪文呢、還有奇奇怪怪的人來留言、水進的來、車過不去、高雄淹大水	1	0
政府最近向美國採購已服役三、四十年遭淘汰之戰車	0	0
最近泰山貴和站附近騎樓半夜有個瘋子會隨機砍人、半夜不要單獨一個人走在那邊的騎樓、有學生昨天被劃傷20刀、目前已經報警、但那裡很暗而且沒有攝像頭、所以暫時沒有下文、可能還再犯、犯人目測182上下戴口罩帽踢、各位明志學生真的要小心！	1	0
另一個是綠營陳亭妃，地下阿娜答是議長郭信良，傳聞黑道背景，欠債不還，妹妹陳怡珍跟著背叛跑票	0	0
不怕，小英政府已備妥水柱，可以好好對付人民。才不像香港政府這麼不中用	0	0
太平洋最猛緝毒，軍人風浪中跳潛艇	1	0
徐國勇：韓國瑜連下雨的淹水不會處理所以他不配當高雄市長。	0	0
為什麼台中豪雨的時候都不停班停課..難道不知道很危險嗎..	0	0
高雄下雨淹水了	1	0
在YT看到以前的影片2010高雄淹水的時候。說治水中央八成地方兩成時的影片站在時任市長陳菊後面的那位是嗎？難道國安憲哥也一起北漂了嗎？	0	0
施政好不好？下個雨就知道。怎麼？這次下雨都是綠獨縣市（屏東、新竹、臺南、桃園、基隆）淹水	1	0
修官邸一億兩千萬超前三任16年總和8千萬買車四千萬	0	0
重機騎士在中投公路騎乘時，不滿前方車輛未注意後方騎士，任意變換車道，機車騎士欲上前理論時，對方車內乘客卻搖下車窗，在車內持槍朝天空射擊數槍。並於影片中口述：當你想敲爆別人後視鏡，卻忘了自己是住在臺中。搶住海景第一排RC鋼骨制震結構（並附設消波塊圖片），慶記建設邀您進駐。大家都有槍，只有我沒有。別的地方可以，臺中千萬不行	0	0
昨晚發生在東勢山城之音ktv砍人影片	1	0
登革熱患者最低只要口服三西西巴拉刈，數小時內便可將病媒蚊叮咬的機率下降至趨近於零，且患者因登革熱死亡之機率也會大幅下降…	1	0
一定要轉出這訊：蔡政府掏空農漁會七千億，借給南向國家。一定要讓人民知道民進黨不斷地掏空台灣農民血汗錢?	0	0
可惡民進黨：你們登革熱給越南，印尼（16億）給那麼乾脆，給高雄（5300萬）百般刁難，還分期付款，別國家是皇民，台灣和高雄市民，是賤民，是嗎？	0	0
蔡英文，你的課本教學生少量吸毒再轟趴	0	0
美國海關震怒蔡英文包機走私	1	0
偉大的蔡英文到海地才四小時、就送了四拾五億、高雄要滅登革熱五千萬才給二千多萬!什麼政府。	0	0
懷疑？？？不用懷疑，這就是我國元首的水準蔡英文竟然說（小三通通三小）令人相當錯愕，一國元首，竟然說出如此粗俗的話	1	0
蘇貞昌做什麼（左邊的人是蘇貞昌）	0	0
教育部長，課本違法教國二滿足性愛合宜嗎？	0	0
殉職員警會場你不願意來就別來跩甚麼跩簽完名字筆還用丟的請問蘇院長你的良心在哪裡？這是一個院長的態度嗎？看了這段影片真讓人生氣，麻煩大家幫忙分享，謝謝大家。	0	0
請問輸真慘，你的手放在那裡	1	0
「淫亂台灣同性同婚愛滋樂團不知羞恥」、「修官邸1億2千萬超過前3任16年總和8千萬買車4千萬」	1	0
是她！北京：蔡涉判亂犯要治治	0	0
蘇貞昌做什麼（左邊的人是蘇貞昌）	0	0
買菸人要搬，刷卡刷這張」（下稱系爭貼文），及張貼一幀有民進黨黨徽及標題為民進銀行總統府超買卡之信用卡照片	0	0
韓國瑜被轟吃喝玩樂抱女人、蘇貞昌苦勸：拜託把市政做好	1	0
魩仔魚由塑膠混充	0	0
淫亂台灣同性同婚愛滋樂園不知羞恥	1	0
剛剛傳出車手吳宗憲被捕之後，從手機搜出連絡電話，發現大量外交部調借行政人員涉嫌購買私菸，消息靈通的人都知道，連行政人員都敢這麼搞，外交官等人員更是一發不可收拾	0	0
目擊有小女孩遭一男子呼巴掌	1	0
還要在選票上簽名蓋章，才能證明自己是驕傲的鋼鐵韓粉	0	0
有人特別提醒啊！大家要注意啊！以前國中同事說的。我是11/24大安區古亭國小選務人員，說好的明年1/11，還是我們原班人馬做選務。十月初，無聲無息，我打電話去問，我們整批都無預警被換掉了……奇怪的是，往年選務一直都是缺人的，怎麼今年在十月初也沒有對外公告，就一批人取代我們了！？就怕鄉下地方，沒人全程監票。一轉眼整箱票櫃換掉，或是一堆植物人躺床者的票，都被抽出來投給蔡英文，這些做手腳的方法很多、很容易的。重要：轉傳	0	0
拒投韓國瑜，幫國家省一億	0	0
行政院宣布明天全國放假一天慶祝擊敗韓國	0	0
大家留意一下：警察局警告，有一群人逐家逐戶拍門，假裝是〔內政部〕官員。它們持有〔內政部〕信箋的文件，並聲稱要確認每個人都有一個有效的身分證件，為即將舉行的選舉（或公投）預備（或調查）。他們其實是入屋打劫。注意！政府『沒有』這個行動。請轉發到您朋友或左右的鄰居，朋友群聊。這班人無處不在，看起來好大方得體。請小心！請小心！	0	0
蔡英文沒招了，民進黨除了抹黑栽贓以外，剩下一帖藥給選民服用。就是下個月發放超收稅款給每位國民2500到3600的福利金挽救選情	0	0
黃國昌！你攪什麼局啦！國民黨哪個不包山包海包賭包娼包砂石包工程？你沒有聽過包公喔？大驚小怪。人家討論痔瘡正精彩，全被你吸引去看公文了！害我們都不能關心嚴肅的肛門靜脈曲張議題！韓導的屁眼健康比較重要啦！	0	0
這才是真正的奧步─！奧步已經開始了！距離大選只剩13天。沒有人收到選舉公報和投票通知書。奧步已經開始了！……往年投票前兩週早就收到了。今年中選會說投票前兩天才會寄到。為什麼要這麼晚才寄？萬一有錯，如果有人沒收到，不知道要去哪裡投票，要補發都來不及。……為什麼要把時間掐的這麼緊？趕快打電話去中選會。開罵啊！抗議啊	0	0
新政府政策攻防-校園攜毒免罰	0	0
整場政見發表會，韓國瑜只講了三句話，幹話、空話、廢話，你不講話人家還不知道你是草包	0	0
菜政府真的瘋了？？國民黨沈智慧提案修法校園毒品零容忍，「一克都不能留」！但被民進黨團封殺，把處罰標準放寬到「持有50包各0.1公克，才有刑責處罰。」請問：有哪個家長能接受孩子帶於5克的毒品到學校？	0	0
總統蔡英文、前總統李登輝及綠黨（指民進黨）為詐騙集團，綠黨不斷抹黑國民黨，並媚日承認自己是日本人、出賣釣魚台、日本核食輸臺（毒害臺灣人），並稱綠黨為日本帝國遺族，出賣臺灣，繼續日本帝國王朝，臺灣慰安婦被欺負，說是自願，而綠黨為什麼不獨立，因為日本帝國遺族要統一臺灣	0	0
目前大家都在猜測懷疑，綠蛆日奴的冥盡洞還有一個大核彈的奧步是：中選會叫印票廠商在2號的蓋章處印上一層薄薄的，但肉眼難以看出來的蠟或是油脂，讓蓋票章上的紅墨水乾不了，選票一折，很容易就花掉，變成廢票。3號的蓋章處則是正常的，容易吸收紅墨水的紙張。如此可製造大量韓粉的票成為廢票，殺人於無形，造成詐菜大勝，還可拿詐菜民調一路領先當佐證。除非有人能把可疑的選票帶出來做化學驗證，而且能證明這選票是中選會印的，否則很難揭穿冥盡洞的詭計。	0	0
想像一下選輸的台灣1/11~5/19瘋狂的移民潮5/20韓國瑜就任當天立即宣佈成立特偵組火速把民進黨所有人抓起來包括蔡英文全部關進去羈押開始漫長的偵查不公開，或者邱毅講的全部斬首。取消AIT和各國的各種合作or各種白木得罪，關閉在台大使館。關掉fbLine。大約一個禮拜後6月前宣佈回歸中國一國兩制完成統一人民開始街頭抗議&政府的血腥鎮壓開始一堆人被消失被自殺解放軍登台開始留島不留人的清除作業。大量的來路不明器捐發生在台灣各地年輕女性被送中男性大量失蹤…	0	0
怕啥？只要任何一個上，我就殺一個!	1	0
請大家告訴大家，民進黨是如何搞錢的，是怎樣掏空台灣的	0	0
宰了它全家	0	0
奧步已經開始了，距離大選只剩13天，沒有人收到選舉公報和投票通知書，往年投票前兩週早就收到了，今年中選會說投票前兩天才會寄到。為什麼要這麼晚才寄？萬一有錯，如果有人沒收到，不知道要去哪裡投票，要補發都來不及。趕快打電話去中選會，開罵啊！抗議啊！	1	0
搞死妳，一槍弊命看看還怎麼選哈哈哈哈哈哈哈哈…	1	0
重要提醒，冥禁黨無所不用其極，明年大選除了堅持投韓總以外，記得一定要在選票上簽名，才不會被國家機器做掉！請所有韓家軍幫忙分享	0	0
這次選舉7大史上最大綠奧步－加4大藍解招（請記牢－響應－轉貼）。台灣人民要人人警覺－人人檢舉！柯都已經查覺到作票可能已經在佈局了…（必看）	0	0
小朋友跟媽媽走失人，走到防暴警察前面，要麻煩警察幫忙，結果警察隊他噴胡椒水..	0	0
『李進勇』叫印票廠商在『2號』『韓』的蓋章處印上一層薄薄的，肉眼難看以出來的蠟或油脂，讓蓋票章上的紅墨水乾不了，選票一折，很容易就花掉，變成廢票…殺人於無形，造成詐菜大勝，還可拿詐菜民調一路領先當佐證。	1	0
中選會李進勇叫印票廠商在2號韓國瑜的圈章處印上一層薄薄的，但肉眼難以看出來的蠟或是油脂，讓蓋票章上的紅墨水乾不了，選票一折，很容易就糊掉，變成廢票；而3號蔡英文的圈章處則是正常、容易吸收紅墨水的紙張。如此可製造大量韓粉的票成為廢票，殺人於無形，造成詐菜大勝，還可拿詐菜民調一路領先當佐證。除非有人能把可疑的選票帶出來做化學驗證，而且能證明這選票是中選會印的，否則很難揭穿李進勇的詭計	1	0
中華民國109年1月2日午後3時總統令布告戒嚴命令	1	0
臺灣農民真幸福！么壽蔡英文政府政策買票？1、加碼老農津貼。2、補助小農農機8億元，富農覺得太少，再加碼8億元（每台百萬）。3、不但有老農津貼可領，又可以有退休金了這麼幸福的台灣農民，令人羨慕不已，但是命苦的我「沒有農地」，如果我可以當「假農民」？也可以一樣「幸福」！	0	0
民進黨計畫在2025年之前消滅故宮	0	0
現在是警察國家嗎噁心	0	0
文山區是台北市性騷擾案件最多的地方	0	0
這是新上任的副校長，聽說含果魚找他當副手還被拒絕	0	0
今天晚上10點春安開始到2月11號晚上12點止，每天有臨檢及重大違規（全國全面加強取締，如：闖紅燈、無照駕駛、酒後駕車等）取締，騎車要小心	0	0
電信機房裡頭都會放俗稱黑猩猩的國家機器	0	0
張貼風傳媒新聞於106年10月1日發表新聞所用「統促黨揮五星旗遊行」之照片	0	0
怎麼是民進黨成員和匪諜一起呢？在做栽贓嫁禍的討論吧？	0	0
國民黨竟然公開支持港警進入大學開槍，殺人，傷害學生？	0	0
大家留意一下，警察局警告，有一群人逐家逐戶拍門，假裝是【內政部】官員。他們持有【內政部】信箋的文件，並聲稱要確認每個人都有一個有效的身分證件，為即將舉行的選舉（或公投）預備（或調查）。他們其實是入屋打劫。注意!政府「沒有」這個行動。請轉發到您朋友或左右的鄰居，朋友群聊。這班人無所不在，看起來好大方得體。請小心!請小心!	0	0
本月20日開始紅燈右轉罰$5400，三次馬上吊銷駕照..，請看以下重罰項目：有車沒車的人都要看，本月20日開始，再提醒各位注意!!收到後記得轉發給親友們，(交通警察準備向全國違規人.徵收年終獎金!)本月20日起，馬上開始罰了不管你是騎機車或者是有消開汽車的---請注意!!全國(Taiwan)將實施紅燈越線處罰條例，凡是在等待紅燈時超出白色禁止越線者馬上處以900元的罰金。還有紅燈右轉$5400元(這是目前交通息傳來警察的重點工作之一)注意喔!!!本月20日起，沒有車的人，通知一下有車族吧！趕快通知你的親朋好友吧！最好印一張，能提醒自己。1.闖紅燈由0000-0000元，調為0000-0000元2.超速由0000-0000元，調為6000!+每超速1公里加罰100元!!若限速60，你開80，則需付8000！	0	0
也就是說他多忙多累都鏡頭下表演給你看而已、事實上這個市長就是在鬼混	0	0
爛蔡的魔爪已經整個掌控大法官和縣市檢察長，反正要辦誰就辦誰，哪個檢察官敢不聽話！這些不學無術的綠營爛官員有恃無恐，個個都囂張跋扈目中無人，70天後就幫爛蔡政府辦告別式吧！讓這群畜生變成過街老鼠	0	0
抓到了！王立強平時由民進黨眷養在香港，本來要在明年總統大選前幾天才對韓國瑜出奧步抹紅，因為反送中事件外逃到澳洲才曝光-與黃昆松和賈霸	0	0
再提醒一次：明年1月11日選舉日，投票時會同時拿到一張「政黨票」，其中會有一個「軍公教聯盟黨」宣稱：以維護軍公教人員的尊嚴及相對付出應有的福利。請幫忙轉給你的在台親朋好友知道，千萬不要被他們騙了！「軍公教聯盟黨」是台聯及阿扁總統時代的親信組成的團體，也是空心蔡的外圍組織，要拉軍公教及退休人員的票，主要目的就是破壞泛藍團結。請大家告訴大家，千萬不要上當！「軍公教聯盟黨」的政黨票數愈多，所分配到的立法委員席次就會愈多。請努力儘快轉傳給身邊有軍公教身份的人	0	0
有消息傳來，今年投票，中選會使用油性印泥，不容易乾，蓋完選票折疊時會染到旁邊，開票時祇要是韓國瑜就是廢票，蔡X文就是有效票，如此做弊太無恥，大家告訴大家，廣傳出去，投票時要注意！稍為吹乾再折疊！	0	0
韓導沒有經過父母同意，就對嬰孩又親又抱	0	0
主導二顆子彈的DPP新潮流!!!法辦貪污人員!!!	0	0
據可靠消，民進黨又要用選舉老奧步，奧步事件如下：⑴2020.1.10.日選舉造勢在當天到21：50時左右會招開紀者會再製造國民黨假走路工事件。⑵2020.1.10.日選舉當天在全國開票所用自己人（含非教師公務員）用拖延時間或奧步手段在選票上動手造假。……應對戰法……選舉開票時，全國庶民監督所有開票過程是否有造假異狀？若有，不要怕搜證舉證……	0	0
重要提醒，冥禁黨無所不用其極，明年大選除了堅持投韓總以外，記得一定要在選票上簽名，才不會被國家機器做掉！請所有韓家軍幫忙分享	0	0
韓導沒有經過父母同意，就對嬰孩又親又抱	0	0
李減分!針對炒房劣跡，寧願出國串供，不願出面說明	0	0
英語系畢業竟然不會說英語！一個國二化學零分的大草包想當我國總統？當台灣人都白癡嗎？黃金會變綠？只說明蔣家可能早就把黃金偷賣掉換成黃銅了！蔣國賊碰到韓國恥，竊國罪行終於被揭穿	0	0
今天晚上10點春安開始到2月11號晚上12點止，每天有臨檢及重大違規（全國全面加強取締，如：闖紅燈、無照駕駛、酒後駕車等）取締，騎車要小心	0	0
看看誰在縱容毒品侵入校園，就是垃圾民進黨，難怪許多年輕人會挺垃圾蔡英文，因為那些人都吸了毒，吸了蔡英文的毒	0	0
蔡政府真的瘋了」國民黨沈智慧提案修法校園毒品零容忍，「一克不能留」!但被民進黨團封殺，把處罰標準放寬到「持有50包各0.1公克，才有刑責處罰】。請問：有哪個家長能接受孩子帶『低於5克』的毒品到學校？…並自己發言po發布：「這就是校園毒犯只要隨身帶0.1克裝49包，被逮沒刑責就對了，簡單幾萬就交保嗎？讓我懷疑是在為校園販毒護航？是誰提議的，建議沈智慧委員將其公布，讓所有的家長一起譴責，並讓他下架，如果是綠色黨，那我真的更懷疑否有…（不能說得太明顯會被檢舉封鎖帳號）那就更應該將它整個下架。	0	0
這是蘇啟誠處長，受到極大的打擊，寫下訣別書，真相，讓台灣人民給他公道，外交部，給他安息	0	0
請問民進黨，到底養呅子重要還是養孩子重要	0	0
蔡易餘的配偶是楊蕙如	0	0
小英紐約的律師執照被取消，連美國都知道小英的博士是假的，以下是被紐約最高法院判決的資訊	0	0
這種通敵的人應該要暗殺才對	1	0
台灣新增愛滋以每天約6人的速度持續增加中，其中近九成為男男性行為	0	0
李進勇叫印票廠商在2號韓的蓋章處印上一層薄薄的、肉眼難看出的臘或是油脂，讓蓋票章上的紅墨水乾不了，選票一折，很容易就花掉，變成廢票	1	0
針對原住民委員會將非原住民區之土地劃分為原住民保留地等行為，而認為平地人遭受到不平等對待	0	0
新型警車箭頭所指處是隱形攝影機，直接開單，就可逕行舉發	0	0
蔡蟲政府口口聲聲說民主，什麼民主，上任扭曲一大堆，能給台灣信任嗎？又不尊重國旗，用完甩掉中華民國國旗對嗎？	0	0
民進黨輸不起，作票奧步一一浮現！！！全民監票，中選會已準備要作票，他們已找好自己人，訓練他們如何作票，請大家集思廣益，如何防堵？（原選務人員都不用，用學生，一定有鬼）	1	0
國民黨青年團成立之後積極擴充成員，計畫尋找一些知名青年，包括卡神楊蕙如跟藝人舒淇，都成為鎖定對象	0	0
大阪外館每個人考績打丙等！原因就是因為讓長廷不開心！#好個管不到大阪辦事處#別讓長仔不開心。朱學恆指出：包含謝長廷、楊蕙如這一掛在網路上打造輿論，第一，他（蘇啟誠）原來就有憂鬱症；第二，不是謝長廷的責任。#楊蕙如幫忙帶風向	0	0
據台灣媒體報導，12月6日多名國民黨立委到台當局外交部抗議蘇啟誠案，過程中遭蔡英文當局反動勢力推擾，國民黨立委陳玉珍被夾到手身受重傷，情況危急。據一名國民黨議員稱，蔡當局把陳玉珍夾到缺氧。事發後，韓國瑜等國民黨人前往醫院重症急救區探望陳立委，令人心痛的是，陳立委已經沒有了心跳。	0	0
民進黨已經通過了毒品條例了，校園內現在可以擁有50公克的毒品，才被視同販毒。台灣除了是(同性戀島)(愛滋病島)現場又增加了一個(毒品島)了，校園毒品零容忍遭封殺，藍委提嚴刑峻法被綠委攔阻-政治-中時	0	0
總統蔡英文遭逮捕	1	0
雖然壓倒性的罷韓成功，但是中選會利用電腦作票，任何選舉都是假的！	0	0
這是最近執政者部長級會議，中午吃的便當（可供4-6人吃，1份定價8880，特價6,980，若4人吃，即1人得花費1,745）。有請蔡政府出來否認吧!疾疫當前、百業待協助，卻花人民的血汗錢毫不手軟，比之前副總統連戰開會吃便當1個500元，尤有過之。	0	0
嘉義朴子楊姓專門勾引人妻男子為了慶祝通姦無罪昨日約人妻公園廁所幽會現場被抓當場被一頓粗飽	0	0
39090票÷1823投票所。再÷8小時=64人一小時內投完票。連續8小時投票沒間斷！請問大家有看到如此沒停過的人一位接一位的在投票嗎？一小時64人，換句話說，不到一分鐘必須完成一人投票！再次證明電腦灌票！...邪惡的冥黨，邪惡的李進勇，就是要用跨過89的數字來羞辱韓	0	0
「一個大家想不到的後果，經過五天的觀察，從7月20日起萬物皆漲！例如：在全聯1600公克麵條88元，7月20日被改標籤為99元，漲幅11％，幾乎各大賣場有收三倍倦的物價都調漲!三倍倦已經造成物價上漲的領頭羊!」、「當廠商收到三倍倦之後無法馬上存銀行變現金，因此，廠商增加現金不足壓力，本來商品賣出拿到現金可以增加週轉率，現在廠商拿到三倍倦必須囤積等候換現金！」	0	0
阿中部長請疫情發燒的人6.6一定要出門投票（罷韓)	0	0
39090票÷1823投票所。再÷8小時=64人一小時內投完票。連續8小時投票沒間斷！請問大家有看到如此沒停過的人一位接一位的在投票嗎？一小時64人，換句話說，不到一分鐘必須完成一人投票！再次證明電腦灌票！...邪惡的冥黨，邪惡的李進勇，就是要用跨過89的數字來羞辱韓	0	0
經濟毒瘤三倍倦…從7月20日起萬物皆漲…在全聯1600公克麵條88元，7月20日被改標籤為99元，漲幅11%…當廠商收到三倍捲之後無法馬上存入銀行變現金	0	0
我在鳳山當監察員，發現全部選務人員幾乎都有投票，等於我一個人，十個小時裡，要對付全部要罷韓的選務人員，整整十個小時，我不太敢喝水，憋到只上一次廁所，…，我刻意靠近票匭，發現票箱裡面有太多平整的票，明明幾乎每個人都是對折丟進票匭，為何有那麼多平整票，我好難過，我力量真的太小，我幹嘛要去上那一次廁所，讓他們有可能搞鬼的機會，為什麼選務人員幾乎都是綠的，我真的好恨	1	0
我在想業者應該有被警察施壓所以不敢公佈畫面，這個時候你就找議員就對了，中壢有很多議員都可以幫你處理	0	0
齣齣，民脂民膏呀！民進黨真是吃香喝辣蛤? 詐蔡政府部長級會議的中午吃便！哇！山珍海味便當，剛才上網查詢一下，這是台北市○○路○段00號的山海樓手工台菜餐廳的山海珍寶盒三層便當，一份有17樣菜色，可供4-6 人吃，一份訂價8880，特價6980，即一人吃得花費1,745 ，此超豪華餐廳為米其林一星，蔡政府花錢不手軟，以前連戰時代開會吃便當一個便當500 還是800 ，被罵得臭頭，不知民間疾苦，那蔡政府呢？？	0	0
不分國籍現在入境需要3 天內( 72小時) 的醫師診斷證 明. . . 這裡提供台灣地區可以申請到的診所	1	0
東沙危機60小時以上，遭中共海上民兵船之包圍	0	0
經濟毒瘤三倍倦…從7月20日起萬物皆漲…在全聯1600公克麵條88元，7月20日被改標籤為99元，漲幅11%…當廠商收到三倍倦之後無法馬上存入銀行變現金…三倍倦已經造成嚴重物價上漲	0	0
這是小英政府開部長級會議中午吃的便當~ 山珍海味。 剛才上網查詢一下，這是台北市○○路○段00號的山海樓手 工台菜餐廳的山海珍寶盒三層便當，一份有17樣菜色，可供 4-6 人吃，一份訂價8880，特價6980，即一人吃得花費1,74 5 ，此超豪華餐廳為米其林一星，蔡政府花錢不手軟，以前 連戰時代開會吃便當一個便當500 還是800 ，被罵得臭頭， 那蔡政府呢？不知道該說什麼，一個勁兒酬庸大官吃的肥滋 滋，敗選的官也越做越大撈前也飽飽！真是台灣的悲哀！	0	0
校園內可以擁有50克的毒品，才被視同販毒	1	0
根據前幾天家人去台大醫院看病時聽到的，根本不是有困難而是被下了命令不准驗吧（冷笑）	0	0
王慧貞、陳怡君、陳美芸等3位員工感染嚴重特殊傳染性肺炎（COVID-19），需要強制隔離。	1	0
急售2009E35060萬就好因急需換車準備炸光中山區任何一台計程車	1	0
聲稱蔡英文作票的youtube影片連結	0	0
剛剛我朋友從台北搭高鐵回高雄，在捷運上遇到這個阿伯，這個阿伯在電話中自稱從武漢回來，音量大到車廂的人都聽到了，紛紛用白眼看他。他大約00：03在三多站下車……	1	0
蔡英文總統選舉作票	0	0
4月23日新聞快報...說每個家庭補助五萬.	0	0
小心！選票印兩倍份數，票箱也準備兩倍數的票箱，一份是投票所讓人民假投票的，其實已經做好另外一份只要投完票就會有貨車送到中選會，另一份投票所的不管是幾票全載入焚化爐燒掉。然後由媒體對外宣稱霸韓是幾票通過霸韓了！就是這個樣子啦！跟2020大選一樣的招數。人民一定要小心防範。	0	0
內政部移民署北區事務大隊宜蘭收容所（下稱收容所）內有受收容人發燒37.9度，被嫌不夠燙，等了4 天才有駐診醫生看診，以及私密衣物只能用借的、午睡時段不准上廁所、有人發生口角會被禁止打電話、禁看電視等	1	0
歹浣一天3000萬煙屁股亂丟，比亂丟幾個口罩嚴重幾百萬倍，疫情一定大爆發封城，大家快打1922檢舉我造謠‧葉金川怒嗆：我主人金溥聰的X眼是香的，我最喜歡幫金溥聰舔X眼，主人喜歡邊走路邊噴煙好棒棒！亂丟煙屁股方便又帥氣。	0	0
你扯全高雄，我就扯全臺灣，臺南還死人呢!你知道嗎？臺南淹水還死人呢	0	0
沒有什麼登機檢疫，沒有什麼一一量體溫，也沒有人留下我們的聯絡方式，什麼都沒有。我花不到20分鐘快速通關入境	0	0
不只是新營，臺南市到處都是，說是新換的警察局長奉命增加市府收入，培養一些偷拍達人。臺南市已充滿了白色恐怖。	0	0
預購兩次都沒抽到...下班也藥局也關門啦，我還是乖乖去蒸口罩	0	0
菜婆子防疫，打算要花1兆500億紓困救經濟，每人預計發1千元酷碰券，這樣也才230億而已，剩下的1兆多，這群綠魔惡狼們，又要開始實施五鬼搬運法了嗎？	0	0
我在鳳山當監察員，發現全部選務人員幾乎都有投票，等於我一個人，十個小時裡，要對付全部要罷韓的選務人員，整整十個小時，我不太敢喝水，憋到只上一次廁所，…，我刻意靠近票匭，發現票箱裡面有太多平整的票，明明幾乎每個人都是對折丟進票匭，為何有那麼多平整票，我好難過，我力量真的太小，我幹嘛要去上那一次廁所，讓他們有可能搞鬼的機會，為什麼選務人員幾乎都是綠的，我真的好恨	1	0
『我在監票，一共有100人重複投票3次』、『每個投票所差不多灌水5-600票，1000個投票所，一共灌水5-60000票』	0	0
我阿姨是焊井蓋的，昨天在衛福部門口馬路上工作的時候，聽到幾個當官的在聊天，說，如果超過四十個案例，總統就要下臺，所以一直壓著真實數，其實疫情已經傳播開了，高雄、臺南等地每天都得運好幾卡車的屍體去臺中統一焚化，所以妳看最近臺灣中部的空氣質量又下降了	1	0
餵蝠部要給每家健保藥局每天500元，本人鄭重宣布，只要任何人親自到【餵蝠部大門吐一口痰含病毒的我再加$100】偶加碼$200每人發您$700車馬費!現領不扣稅。...【舒】困爽領48億!狗官們惡整個業者從上游到下游我們永遠都是【被發國難財】長期被【喂福部的狗官門宰割	0	0
如果真有抗體，那我八成確定這肺炎是臺灣傳出去的…	0	0
聽說我們這梅花湖有來自美國旅遊回來的人出現喉嚨痛，請大家別前往，聽說隔離了，過程中還不知道接觸誰	0	0
「草埔隧道不通、騙子治國」、「轉貼～不是昨天通車典禮了嗎？民眾今日要出入路卻不通！昨天蘇撒幣大剌剌約全國媒體擺POS拍照的拍照攝影的攝影，風風光光通車典禮秀一天，蘇吉普車子開完之後秀完了，路又封起來了～～執政真的是有需要這樣玩的嗎？」	0	0
集體偷票無法無天	0	0
939090張票÷1823投票所。再÷8小時＝64人一小時內投完票連續8小時投票沒間斷！請問大家有看到如此沒停過的人一位接一位的在投票嗎？~~~高雄昨天不時的大雨傾盆，又要保持安全距離，所以應該大排長龍才有可能？！神奇的魔術！	0	0
大家好，我的車在斯馨一路的停車場被偷了車號000-0000，請大家有看到的話幫幫忙。	0	0
自從李進勇進中選會的那天起中選會就已經是民進黨的了，總統大選作票大成功加上這次罷免投票更是駕輕就熟了，即使票做過多了也沒在怕人起疑，選舉只是一齣表演投票過程的鬧劇，誰還會相信民進黨良心發現不作票了	0	0
溪湖高中附近都是毒品針頭不知道所有的監督單位和警政單位都沒有眼睛嗎溪湖鎮公所所有的車輛也都在附近保養都沒有人發覺嗎	0	0
現在為什麼要團購衛生紙的目的是因為原物料都拿去生產口罩了	0	0
收到重要情報，請大家儲備1 個月份左右的糧食和生活必需品，並且立刻到銀行提領所有的存款	1	0
其邁後援會找網軍，一天2000包兩餐，一個禮拜結算一次，看業績，要熟悉社群媒體!有多個帳號為佳!想應徵的請聯繫我	0	0
府很精，3000元-1000元=2000元，再扣手續費實際上政府發行出來的金額不到2000可是表面都說發3000	0	0
罷韓成功。幾乎一百萬票。很簡單939090除1823投票所,每個開票所平均是515張。515張再除8小時等於64張票。意思是平均每個開票所每一小時內要投完64張票，而且，還是同意罷免韓國瑜的票。然後，連續8小時投票，所有投票所沒間斷!請問，大家有看到如此沒停過的人一位接一位的在投票嗎？一人一分鐘之內驗証，排隊，投票，沒間斷。這樣的邏輯與行為，您，相信嗎？騙肖	0	0
我已經宣布停課了、其實武漢肺炎已經肆虐台灣，死亡人數不只這樣、真的相信我，內政部壓掉許多消息、我收到的是內政部私下的消息	1	0
各位看官頭腦好，請問：0000000張票÷1823投票所。再÷8小時＝64人，一小時內投完票，連續8小時投票沒間斷！請問大家有看到如此沒停過的人一位接一位的在投票嗎？………	0	0
中選會網站就是罷韓廣告，授權罷免團體使用	1	0
蔡英文做票、必須下台	0	0
可是民間已經有收到『偽三倍券』，拿去換的時候不被...就是被拒收。拿到台灣銀行的時候，台灣銀行說這是偽券。偽的。假的。	0	0
939090票÷1823投票所。再÷8小時=64人一小時內投完票。連續8小時投票沒間斷！請問大家有看到如此沒停過的人一位接一位的在投票嗎？一小時64人，換句話說，不到一分鐘必須完成一人投票！再次證明電腦灌票。...邪惡的冥黨，邪惡的李進勇，就是要用跨過89的數字來羞辱韓。	0	0
各位看官的頭腦好，請問：939090張票+1823投票所，再+8小時=64人，一小時內投完票，連續8小時投票沒間斷！請問大家有看到如此沒停過的人，一位接一位的在投票嗎？~~~高雄昨天不時的大雨傾盆，又要保持安全距離，所以應該大排長龍才有可能？！但是有些投票所十時過後就冷清了…神奇的魔術！每小時64人投票，就是平均每1分鐘要有一個人進去投！939090翻過來有玄機	0	0
我砍死家人有誰幫我報警	0	0
上禮拜認識一個逃來台灣的對岸COSER，才14歲。因為她太可愛了，我們情投意合就開了房間。結果昨天陽性確診了，怎麼辦啊？	0	0
（我正在陪小孩看恐龍展，沒時間寫長文，就簡單寫一下我的看法。）血友友病童是中國國籍，不是台灣籍。他是徹頭徹尾的中國人。台灣政府唯一對病童有責任義務的連結，是這位病童「依親」。這個「親」，是病童的親生母親，她原本也是中國人，後來因為嫁給台灣人才取得台灣國籍。但她取得珍貴的台灣國籍及健保資源後就跟台灣丈夫離婚了。她離婚後，嫁給一個中國人，才生了這個血友病童。也就是說，這個病童，雖然很可憐，但他的親生父母，其實都是「中國人」，只是他的媽媽在前一段姻取得了台灣國籍」等內容	0	0
政府變魔術通知罷免；各位看官的頭腦好，請問：939090張票÷1823投票所。再÷8 小時＝64人，一小時內投完票，連續8 小時投票沒間斷！請問大家有看到如此沒有停過的人，一位接一位的在投票嗎？～～～高雄昨天不時的大雨傾盆，又要保持安全距離，所以應該大排長龍才有可能？！但是有些投票所十時過後就冷清了. . .神奇的魔術！	0	0
可是民間已經有收到『偽三倍券』，拿去換的時候不被...就是被拒收。拿到台灣銀行的時候，台灣銀行說這是偽券。偽的。假的。	1	0
內政部移民署北區事務大隊宜蘭收容所（下稱收容所）內有受收容人發燒37.9度，被嫌不夠燙，等了4 天才有駐診醫生看診，以及私密衣物只能用借的、午睡時段不准上廁所、有人發生口角會被禁止打電話、禁看電視等	1	0
經濟毒瘤三倍卷，一個大家想不到的後果～經過5天的觀察，從7月20日起萬物皆漲	1	0
剛有人提出疑問，各位看官的頭腦好，請問：939090張票÷1823投票所。再÷8小時=64人，一小時內投完票，連續8小時投票沒間斷！請問大家有看過如此沒停過的人，一位換一位的在投票嗎？～～～昨天高雄不時的大雨傾盆又要保持安全距離，所以應該大排長龍才有可能？！但是有些投票所十時過後就冷清了…神奇的魔術！	0	0
在全聯1600公克麵條88元，7月20日被改標籤為99元…」、「三倍券已經造成嚴重物價上漲！	0	0
39090票÷1823投票所。再÷8小時=64人一小時內投完票。連續8小時投票沒間斷！請問大家有看到如此沒停過的人一位接一位的在投票嗎？一小時64人，換句話說，不到一分鐘必須完成一人投票！再次證明電腦灌票！...邪惡的冥黨，邪惡的李進勇，就是要用跨過89的數字來羞辱韓	0	0
現在只篩檢有出國史、接觸史的，其他被社區傳染的沒出國接觸等條件不就被放生不給驗，早說政府不管社區傳染的好嗎	0	0
這是蘇啟誠的訣別書，文官的風骨，最少做到言所當言（這不是假新聞），其中『滿朝盡是血滴子，外行領導專職人』明白的寫外交公職職場內鬥及無奈，但執政的外交部、立院、總統府、由內到外都反咬在野，更無反思，真是無…到極點！	0	0
今天總統府很熱鬧，新聞沒報性解放教材退出校園，太多媒體不敢報導目前有礙綠選舉新聞	0	0
因為半年前跑去武漢找工作，結果被封城困住幾天，拖了兩三天要回臺回不來，結果看到馮一硯大哥的廣告，本來想說身上東西包一包要跑路，想說帶著剩下幾十萬的家當財產，就給他拚了，結果硯哥真的帶領我去他的私人管道偷渡，費用扣掉武漢到海邊的車費還要十五萬，這次真的嚇到了，也答應硯哥從此不再去武漢工作了，如果今天沒有硯哥，我可能回不來了，真的很謝謝硯哥，真的是我的再生父母，讓我不用困在那裡，可以回到臺灣，因此我花這些錢願意幫硯哥宣傳，他真的是很厲害的人，希望困在那裡的台商能在他的協助下偷渡回臺，要找他的人加LINE：ab9143	1	0
⒈中選會為什麼突然增設1500個投票所？‧‧‧⒉已經使用數10年的塑膠製投票箱，在多投票所被更換為臨時性紙製?並在紙製投票箱底撲上一片白色硬紙板！？中選會應該能任至道：在紙板與箱底間會出現一個暗夾層，夾層中可以暗藏近百張選票而不易被察知‧‧‧以中選會主委李進勇曾經多年擔任市長及律師的經驗應該能清楚認知：夾層中可以事先暗藏近百張選票而不易被察知，難道中選會不知道要防弊並避嫌嗎？	0	0
抓到了王立強平時由民進黨眷養在香港，本來要在明年總統大選前幾天才對韓國瑜出奧步抹紅，因為反送中事件外逃到澳洲才曝光	0	0
以中央選舉委員會公告封頁並加註「有詭」2 字	0	0
各位口罩不要買有毒	0	0
2020台灣大選出現很多不合理的現象，僅先列舉一二：⒈【中選會為什麼突然增設約1500個投開票所？】台灣人口沒有爆增，投開票所卻從一萬五、六千個，增設約1500個，總數成為一萬七千多個？但是增設的地點卻多數不是在人口集中區或增加區！？中選會雖解釋：〈要平均減少各投開票所人數〉，但是有朋友實際調查過：事實並非如此！⒉【已使用數十年的塑膠製投票箱，在很多投開票所被更換為臨時性紙製投票箱？並在紙製投票箱底舖上一片白色硬紙板！？】中選會應該能認識到：在紙板與箱底間會出現一個暗夾層，夾層中可以暗藏近百張選票而不易被察知！數十年來，各投開票所都是使用曾經反覆使用的塑膠製投票箱。因此中選會應存放有近五萬個以上塑膠製投票箱供每年備用。這次只增加1500個投開票所，時間上完全來得及再增製4500個塑膠製投票箱。但這次很多地區的投開票所卻更換為臨時性紙製投票箱！箱底更舖放一片白色硬紙板。中選會也許會解釋：〈為防止箱底不平，易扯破選票〉。但是，以中選會主委李進勇曾經多年擔任市長及律師的經驗，應該能清楚認知：【夾層中可以事先暗藏近百張選票而不易被察知！】，難道中選會不知道必須要防弊並避嫌嗎？其他還出現許多異於常情的不合理現象，在此先不再贅述。	0	0
這次下雨的雲層帶是從中國內陸漂過來的，也就是重慶、湖北一帶過來的，雲層可能會挾帶細菌、病毒過來，請小心！	1	0
「臺灣明天起實施COVID-19新型冠狀病毒假期兩個星期，從2020年3月17日開始，所有上班族、學生（強制性）休假，以免傳播，檢查連結以查看您的縣市是否已列出：http://bit.ly/MandatoryPaidLeave	1	0
台灣明天起實施COVID-19新型冠狀病毒假期兩個星期，從2020年3月19日開始，所有上班族、學生（強制性）休假，以免傳播，檢查連結以查您的縣市是否已列出：http://bit.ly/MandatoryPaidLeave	0	0
行政院宣布全臺9縣市明天起實施COVID-19新型冠狀病毒假期兩個星期，從2020年3月20日開始，所有上班族、學生強制性休假以免群聚感染…	1	0
人民不是應該有知的權利嗎？政府刻意隱瞞許多實情，為什麼不能讓人民知道？臺灣其實確診的病例遠比新聞報出來的還多	0	0
別拉著我我去宰了這畜生	1	0
都還在推說只是境外移入，結果有差別嗎？政府官員，還在只驗國外不驗國內，當然都是境外，然後國內診所都當流感，被指揮要求一律使用克流感抑症狀，診所醫師護士與藥師才不會被迫隔離	0	0
當遊民太幸福…公務員竟不知遊民早知如此，何必念書、考試…奉獻一生…。現在台北市政府對於龍山寺遊民，單身每月給1萬8千元低收入戶補助，有配偶給予31000元，民進黨考量物價指數及通貨膨脹，希望再調高到34000元給予。結果年輕時努力讀書考試，在萬人中脫穎而出的軍公教人員，退休後所得33415元比台北市龍山寺遊民領的還要少。這叫我們如何教育下一代，努力讀書.考試.為國家奉獻一生，到老了大家領的都一樣多，甚至未來遊民有可能領比軍公教退休人員還多…，是不是要教育我們的下一代，不用努力盡情的玩樂，將來做遊民就好，反正領的比軍.公.教多。變相買票啊……拜託，請廣傳出去……	1	0
臺灣明天起實施COVID-19新型冠狀病毒假期兩星期，從2020年3月17日開始，所有上班族學生（強制性）休假，以免傳播。檢查連結以查看您縣市是否已列出：http://bit.ly/Mandatorypaidleave	1	0
K他命可治療武漢肺炎	1	0
臺灣明天起實施COVID-19新型冠狀病毒假期兩個星期，從2020年3月20日開始，所有上班族學生（強制性）休假以免傳播，檢查連結以查看您的縣市是否已列出：http://bit.ly/MandatoryPaidLeave	1	0
#爆掛（本院按：應為「卦」之誤寫）麻煩大家分享聽聞醫院口罩庫存統計，發現新北慈濟，個別就高達50萬庫存口罩，遠高於其本身及所有醫院戰備存量，對照第一線醫護口罩全面吃緊真的很離譜，應該呼籲它們捐給政府分配給其他醫護，他們拼命在海外買物資送中國，台灣卻囤積不拿出來#大家說他們這種行為對嗎？#只救外國人不救台灣的醫療第一線，#他們還是人嗎？	0	0
「負壓病房1,100床現在都爆掉」（下稱系爭一言論）、「署立桃園醫院是否為專責防疫醫院中央不敢說明清楚」	0	0
岡山確診新冠狀病毒病例已經轉來這裡!醫院防疫再升級!護理師巡房發藥量血壓一律戴口罩、戴手套、帶防目鏡#沒事不要來#一定要帶醫療口罩再來#勤洗手勿摸眼睛鼻子嘴巴#每次住院什麼不可思議的事都會讓我遇上是幸運還是倒楣阿」	0	0
我昨天從日本回來云云，致使該營業大客車隨即返回駐地進行全車消毒工作，並進行車上其餘乘客退換票事宜	1	0
【最新！民進黨已經通過了毒品條例了】家長們，你還要忍受嗎！校園內可以擁有50包的毒品，才被視同販毒！台灣除了是（同性戀島）（愛滋病島）現在又增加了一個（毒品島）了，校園毒品零容忍遭封殺，藍委提嚴刑竣法被綠委阻攔。	0	0
臺灣明天起實施COVID-19新型冠狀病毒假期兩個星期，從2020年3月18日開始，所有上班族學生（強制性）休假以免傳播，檢查連結以查看您的縣市是否已列出：http://bit.ly/MandatoryPaidLeave	0	0
「草埔隧道不通、騙子治國」、「昨天蘇撒幣大剌剌約全國媒體擺POS拍照的拍照攝影的攝影，風風光光通車典禮秀一天，蘇吉普車子開完之後秀完了，路又封起來了～～執政真的是有需要這樣玩的嗎？」	1	0
哈！台灣媒體沒有敢報道，巴拉圭國內媒體報道出來了。媽的，台灣自己都不夠用，人民每個星期排數小時的隊，還冒著風雨只能買三片口罩，記住不像新加坡和越南一樣免費獲得口罩哦！蔡政府好大方，偷偷捐給巴拉圭口罩，搞得像賊一樣。	1	0
今天菈媽傳了這張給我看，這不是叫媽媽們崩潰嘛？全部為了製造口罩。尿布都沒得製造，這下好了又要大囤尿布了	1	0
剛我朋友從台北搭高鐵回高雄，在捷運上遇到這個阿伯，這個阿伯在電話中自稱從武漢回來，音量大到車廂的人都聽到了，紛紛用白眼看他。他大約00：03在三多站下車…	1	0
『民進黨已經通過毒品條例了，校園可以擁有50克毒品，才被視同販毒…』	1	0
民進黨正逐步實現毒品無罪化，……想讓你小孩吸毒毀掉一生，就投民進黨吧!	0	0
臺灣黑鮪魚及大目鮪不實交易價格，及臺灣與日本於中西部太平洋金槍魚類委員會北小委員會會議中，達成有關臺灣黑鮪魚捕撈配額與日本大目鮪捕撈配額交換之互惠協議後，將致使臺灣損失約新臺幣4億500萬元	1	0
小英紐約的律師執照被取消，連美國都知道小英的博士是假的，以下是被紐約州最高法院判決的資訊	0	0
現在口罩管制了，大家趕快去買衛生棉…不然…下禮拜會買不到ㄡ	1	0
有消息傳來，今年投票，中選會使用油性印泥，不容易乾，蓋完選票折疊時會染到旁邊，開票時祇要是韓國瑜就是廢票，蔡X文就是有效票，如此做弊太無恥，大家告訴大家，廣傳出去，投票時要注意！稍為吹乾再折疊！投票當天帶一張面紙，蓋好後壓乾油墨	0	0
中共不放棄武力犯台下，支持統一是叛國行為	0	0
閃亮星星的國共一家親，看到這隊挺韓大隊，2020你能不出來投票嗎？你還敢投給草包嗎？」等語，並張貼多人手持五星旗遊行之圖片，圖片上加註「0111你還敢不出來投票嗎？1221挺韓遊行，國共一家親	1	0
民眾今日要出入草埔隧道路不通騙子治國，昨天蘇撒幣大剌剌約全國媒體擺POSE拍照的拍照攝影的攝影，風風光光通車典禮秀一天，蘇吉普車子開完之後秀完了，路又封起來了，執政真的是有需要這樣玩的嗎。真的騙很大。	0	0
議員王世堅前助理小文是我表姐啦昨天夜裡王議員在摩鐵吼同歪表姐講噢現在已經控制不了了啦最多一個禮拜吼臺灣全境要封閉啦圖為台南失控現場	0	0
有消息傳來，今年投票，中選會使用油性印泥，不容易乾，蓋完選票折疊時會染到旁邊，開票時祇要是韓國瑜就是廢票，蔡Ｘ文就是有效票，如此做弊太無恥，大家告訴大家，廣傳出去，投票時要注意！稍為吹乾再折疊！	1	0
都給當官的了，當官的一人兩盒，醫護現在一天配一個	1	0
交通警察準備向全國違規人徵收年終獎金，除紅燈右轉罰5400元，3次馬上吊銷駕照外；闖紅燈將由0000-0000元漲到0000-0000元，提高1倍......	0	0
研究發現，吸食K它命可治療武漢病毒	1	0
…如果超過40幾個案例，總統就要下台，所以一直壓著真實數，其實疫情已經傳播開來了，高雄、臺南等地每天都得運好幾卡車的屍體去臺中統一焚化…	1	0
請問一下各位媽咪／如果婆家那邊有人有武漢肺炎／你們還會帶小孩回去嗎？／先生家那邊有兩個／婆婆家那裡有一個／我兒子才11個月／真的不想讓我兒子感冒	0	0
我朋友說尿布廠有消息表示因為不織布材料都因為生產口罩大缺，日本已經通知尿布貨況有問題了，藥局的朋友建議可以多買一些尿布，以防萬一，有些人有小小孩可以注意一下	1	0
根本沒罰100萬，100萬只是作秀說說而已，只要說些人民愛聽的話，人民是很好安撫的	1	0
第四棟314 、315 ；離很遠，開放式空間，只是覺得她很自私	1	0
現在為什麼要團購衛生紙的目的是因為原物料都拿去生產口罩了	1	0
在開戰之前先斃了這些王八蛋（邱毅等新黨不分區提名人）	0	0
最新政府政策攻防-校園攜毒免罰	0	0
韓導沒有經父母同意，就對嬰兒又親又抱	0	0
有消息傳來，今年投票，中選會使用油性印泥，不容易乾，蓋完選票折疊時會染到旁邊，開票時衹要是韓國瑜就是廢票，蔡x文就是有效票，如此做弊太無恥，大家告訴大家，廣傳出去，投票時要注意！稍為吹乾再折疊！	0	0
…大選中心，早就佈局好要替蔡英文作票。大家小心	0	0
請大家參考：有消息傳來，今年投票，中選會使用油性印泥，不容易乾，蓋完選票折疊時會染到旁邊，開票時祇要是韓國瑜就是廢票，蔡x文就是有效票，如此做弊太無恥，大家告訴大家，廣傳出去，投票時要注意！稍為吹乾再折疊！	0	0
吃完柿子千萬別喝優酪乳，也不能吃香蕉，會中毒...	0	0
聽信關係人阮堇玟謊稱於民國108年12月4日在屏東縣潮州鎮興美路旁，遭不詳歹徒持武器行搶財物等行為之內容，在未查證之情況下，於108年12月5日某時轉發至臉書「屏東縣潮州鎮」之網頁，散佈不實內容	0	0
『看這張全懂了』，續轉貼1張被害人林飛帆餐敘並標註有王立強名字之人在內之照片	0	0
殺人嫌犯陳同佳，戳破蔡英文護主權真相	0	0
沒看過這麼不要臉的政黨！！什麼都在騙。（圖片文字內容：請大家投給2號韓國瑜，替我賴清德報仇好不好啊？	0	0
這是今天別社團的貼文！很多人10嘴9 卡稱！都說這隻頭部橢圓形沒毒！真是這樣嗎？這隻是（印尼）種的# 眼鏡蛇！好幾年前一個XX生命X 會的為了賺（放生錢）！找一個住（草屯）的賣家到（印尼）的養殖場辦進來的！這種長大會噴毒液！10年前我抓過不少！請社友們不要被一些（天兵）給誤導而輕忽！	0	0
沒錯，不害死他，他會害死台灣人+1	1	0
228事件本省人死傷2290人，家屬獲賠72億元，外省人死傷2643人，家屬獲賠0元，重點不在死傷人數，也不在獲賠金額，重點在！民進黨選舉一次就消費228事件一次…到今年大選，民進黨又要拿出來消費作政治了，民進黨的臉皮怎麼那麼厚？？？唯一支持韓國瑜	0	0
蔡英文剛上任我們的健保是虧損98億，為何2018年虧損288億。2019年虧損400億。2020預計虧損700億，就是愛滋造成的…#黃義霖醫生實在太勇敢了，說出蔡總統不敢面對的真相。	0	0
下架他有用嗎？暗殺部隊該出動了，作了他，一勞永逸	0	0
草包果然無賴！今天宣布正式曠職！怠惰施政竟然獲得台下無知無恥韓粉一陣鼓掌叫好。一份工作騙到手，兩個月就想離開，上班遲到說是責任制，下般準時議員質詢還要抽籤，然後十個月請假三個月！高雄之恥！中華民國之恥！台灣之恥！連同黨蔣萬安都譏為不理性，這群台灣最低級的動物豈止不理性，根本沒人性！	0	0
「請大家投給2號韓國瑜」「替我賴清德報仇好不好啊！？」	0	0
「當警察的好處」、「警察比較廢還是軍人比較廢」及「怎麼收黑錢」	0	0
重要提醒，冥禁黨無所不用其極，明年大選除了堅持投韓總以外，記得一定要在選票上簽名，才不會被國家機器做掉！請所有韓家軍幫忙分享！	0	0
現場兩支槍，一隻台上假槍，一隻台下真槍，殺死腦麻死者	0	0
請大家投給2號韓國瑜替我賴清德報仇好不好阿？！	0	0
武漢通報，旗美地區已有個案，高醫，三民五案；義大，燕巢一案，來往人口密集地區一定要戴口罩，請看圖片，不要詢問，多點提防也不會怎樣，一堆人抱持懷疑心態	0	0
與友人講電話中表示自己剛從武漢回台等語，案經與其搭乘同一車廂之民眾將上記情形，貼文於臉書爆廢公社二館	0	0
＃經濟部能源局＃重要公告因應明年109年元月1日起，冷氣保固期已經達成協議。恢復舊有保固全機三年，並取消全機3年、機板7年、壓縮機10年舊有保固規範，違反規定之品牌業者最高罰款100萬。＃全品牌冷氣保固明年不再延長有需要安裝冷氣的還不快趁今年安裝！	0	0
我是11/24大安區古亭國小選務人員，說好的明年1/11，還是我們原班人馬做選務。十月初，無聲無息，我打電話去問，我們整批都無預警被換掉了……奇怪的是，往年選務一直都是缺人的，怎麼今年在十月初也沒有對外公告，就一批人取代我們了！？就怕鄉下地方，沒人全程監票。一轉眼整箱票櫃換掉，或是一堆植物人躺床者的票，都被抽出來投給蔡英文，這些做手腳的方法很多、很容易的。重要：轉傳	0	0
有消息傳來，今年投票，中選會使用油性印泥，不容易乾，蓋完選票折疊時會染到旁邊，開票時衹要是韓國瑜就是廢票，蔡x文就是有效票，如此做弊太無恥，大家告訴大家，廣傳出去，投票時要注意！稍為吹乾再折疊！	0	0
現任民進黨主席卓榮泰及秘書長羅文嘉於中央選舉委員會審理『核電延役』、『核能減媒』及『臺灣和平中立』公投案，到會盯場，以致上開三公投案被駁回，指稱中央選舉委員會涉有違法舞弊一節	0	0
有消息傳來，今年投票，中選會使用油性印泥，不容易乾，蓋完選票折疊時會染到旁邊，開票時衹要是韓國瑜就是廢票，蔡x文就是有效票，如此做弊太無恥，大家告訴大家，廣傳出去，投票時要注意！稍為吹乾再折疊！	0	0
從可以跳下去游泳的愛河，變成了整條都是黑色的南臺灣黑龍江了。以後要看黑龍江就不用出國，只要搭高鐵去高雄就可以看到了。	1	0
人民日子過得這麼苦，不拚經濟搞一些沒營養的政策，同性婚姻，通姦無罪，吸毒無罪…	0	0
口罩酒精全部都賣完了有貨會公布，口罩全由政府控管只有財團才能先拿到何時正常放貨不知道只能請大家再耐心等候	0	0
韓導沒經過父母同意就對嬰兒又親又抱	0	0
韓狗騶本來要掛五星旗怕輸得很難看所以假小假鼻才掛我們的國旗不要臉的東西	0	0
林娘機八代誌大條，我去放火完還拍照	0	0
注意～今年投票，中選會若使用油性印泥，不容易乾，蓋完選票摺疊時會染到旁邊，開票時祇要是韓國瑜就是廢票，蔡×文就是有效票，大家告訴大家，廣傳出去，投票時要注意！稍為吹乾再摺疊	0	0
韓導沒有經過父母同意就對嬰孩又親又抱	0	0
請看看這則中時新聞吧！民進黨已經通過毒品條例了，校園內可以擁有50克的毒品，才被視同販毒	0	0
軍人因公殉職死亡，配偶領取半俸規定修改，兩者缺一不可，條件為1.須結婚10年以上2.配偶須55歲後始可領取	0	0
這才是真正的奧步─！奧步已經開始了！距離大選只剩13天。沒有人收到選舉公報和投票通知書。往年投票前兩週早就收到了。今年中選會說投票前兩天才會寄到。為什麼要這麼晚才寄？萬一有錯，如果有人沒收到，不知道要去哪裡投票，要補發都來不及。為什麼要把時間掐的這麼緊？中選會是存著什麼心？？！！意圖製造選舉混亂？事情反常。必有貓膩。李進勇！！出來說清楚	0	0
強行通過這個法就是韓國瑜當選也沒有用她們會用這個法條馬上抓人因為她知道她贏不了選舉台灣真的要讓泯燼擋玩死掉嗎?	0	0
他沒死我一定幫她弄到死	1	0
作票-監票-廢票-太多綠奧步藏在每個步驟！？中選會今年改了規則，1)全換成新的綠吱吱票所人員。2)投票完後不報出實領總票數，所以根本不知道總共領了多少票，空白票多少，開方便之門，有夠黑暗！建議在野黨，要強力抗議，因為不信任中選會，要求大選投票到開票要公布結果的過程要全程錄影並讓在野黨派員全程監督，以防有心人士，配合從中做手腳。若不同意，表示有鬼，大家要開始想好，如何反擊！詐騙爛黨-全民監票-人人有責！	0	0
我剛到台灣，親戚說金門居家隔離100多個...	1	0
對付12/21WECARE罷韓大遊行，號召20歲到35歲韓軍志工，穿著敵人之相關服飾，等待他們活動高潮時做出破壞形象的動作或行為。目的為博取媒體高度關注，混淆對方活動重點，提升韓軍整體士氣，吸收中立選民好感	0	0
為人父母們請再關心毒品零容忍入校園，已被民進黨強行修為可5公克無罪，年輕父母們你們真的不害怕嗎？你們真的要拿小還（孩）當賭注嗎？為何沒有年輕父母起身抗議校園毒品如此立法呢？真擔心啊！	1	0
共產黨透過地下賭盤，以賭博之名行買票之實，利用選舉賭盤來操作本次總統選舉	0	0
菜政府真的瘋了??國民黨沈智慧提案修法校園毒品零容忍，『一克不能留』!但被民進黨封殺，把處罰標準放寬到『持有50包各0.1公克，才有刑責處罰』	0	0
雲林～崙背㈠這盤～狗肉是從雲林～崙背這屋內帶出來化驗已經證明這盤肉就是～狗肉這個房子裡面就是聚集這裡的某些鄉民可以在這裡食用～狗肉，狗肉來源是由一位村長提供給村民的，狗而是由村民和村長一起請逃逸外勞宰殺後，宰殺烹煮再讓村民在這個房子裡面歡樂食用村民提供流浪狗給逃逸外勞宰殺的代價是～宰殺不用錢，外勞要求要半隻狗～4 隻手腳還有內臟	0	0
蔡英文他馬上就要下架了。還要換車喔！換一台就要3300萬他做4年還不到就已經換了三台車了現在又要換不是太浪費我們的納稅錢了嗎	0	0
民進黨內部已經知道蔡總統假文憑事件將造成選情崩盤，加上政績太差，將加快崩潰速度，所以內部正進行『蔡下賴上』的緊急替代方案	0	0
剛剛有進中選會網站查看，是真的（圖片為中央選舉委員會公告）公投案12/16悄悄於中選會網站公告通過成立，怎麼沒有在各新聞媒體公告？及宣佈投票日期？有無故意偷偷綁在2020.01.11大選中，讓全民措手不及？連公聽會也沒有公告周知？	0	0
去年時代力量三重、蘆洲區議員參選人陳志明與一名男子以襪子套住生殖器參與裸體遊行照片合成	0	0
綠菜團徵召偏綠人員擔任監票員，並打算讓空白選票流入灌水，用印泥作廢對方選票；選前空白選票流出，事先蓋好成綠選票箱，準備在選日來個貍貓換太子；造假走路工、錄音帶等；收票時，故意毀損藍選票；唱票時故意將藍選票作廢；綠營現有智多星邱義仁操盤，找自己人當主委，找自己人監票	0	0
據消息，民進黨內部已在籌劃明年1/12的罷免總統案	0	0
台灣新增愛滋以每天約6人的速度持續增加中，其中近九成為男男性行為	1	0
請大家投給2號韓國瑜、替我賴清德報仇好不好啊?	0	0
幹！我要買雞蛋去丟他	0	0
【毒】看看無恥的民進黨。開放毒品進校園。沒有超過一定的量。學生吸毒無罪。。	0	0
最新政府政策攻防-校園攜毒免罰	0	0
請廣傳（趙德民）…八千位冥盡黨指派的選務人員…	0	0
【非常重要】【非常重要】請轉貼我們美國的挺韓族群提醒大家注意還有一種奧步是：『李進勇』叫印票廠商在『2號』『韓』的蓋章處印上一層薄薄的，肉眼難以看出來的蠟或是油脂，讓蓋票章上的紅墨水乾不了，選票一折，很容易就花掉，變成廢票。然而『3號』『小英』的蓋章處則是正常的，容易吸收紅墨水的紙張。如此可製造大量韓粉的票成為廢票，殺人於無形，造成詐菜大勝，還可拿詐菜民調一路領先當佐證。（奧步再升級）破解之道，要蓋印之前，先在『3號』及『2號』用乾淨的手指輕觸感覺一下，蓋章後，再檢查一下，警覺一下，是否有異狀？（注意選票不得汙染破損，否則會成為廢票），只要有一人查覺有異，立即把情況在群組不斷傳播，自然會有人把此訊息快速傳至『韓帥』，由他們來解決，我們『待命』『辦事』『千萬勿妄自行動』！	0	0
韓導沒有經過父母同意就對嬰孩又親又抱	0	0
這次選舉在投票所使用的是不易乾的油性印台！在此誠摯的呼籲台灣的我們不要太大意讓選票成為廢票，請小心並仔細投下神聖的一票才不會讓綠黨贏票，翻轉台灣-贏回並找回往日的笑容！	0	0
轉自網友我是11/24大安區古亭國小選務人員，說好的明天1/11，還是我們原班人馬做選務。十月初，無聲無息，我打電話去問，我們整批都無預警被換掉了…奇怪的是，往年選務一直都是缺人的，怎麼今年在十月初也沒有對外公告，就一批人取代我們了！？就怕鄉下地方，沒人全程監票。一轉眼整箱票櫃換掉，或是一堆植物人躺床者的票，都被抽出來投給蔡英文，這些做手腳的方法很多、很容易的。」	0	0
非韓～～～不投。。。各位韓粉記得投票當天，，，蓋完票，，，要拿選票給選務人員看，，，展現咱們韓家軍的決心！！！！！	0	0
最新政府政策攻防-校園攜毒免罰	0	0
韓導沒有經過父母同意，就對嬰孩又親又抱	0	0
2019/12/25日高雄車隊在起之過聖誕節	0	0
流感是可以控制的，以死亡人數跟得流感人數來說，流感的致死率是0.00037，武漢肺炎是沒有解藥，致死率3﹪～5﹪，你覺得不嚴重，歡迎你去大陸測試。人溺己溺的精神很好，但世界大同沒有哪一方出的疾病該被拿出來笑話各等語	0	0
發布林萬億向蔡簡報如后：1.18％在6年內要回歸到目前銀行利息【蔡裁示：提前4年內逐年完成】	0	0
謝謝蔡皇上能讓小孩可以有吸毒的空間	0	0
正在流行的肺炎及流行性感冒不是一般的病症…，用目前的醫學上所研發、所抗菌是很難治療，因為它是源於天地間變化的因果病，假如你用醫學上去治療，會更嚴重而且又冒犯了上天而不可收拾，會產生人類自己殺死自己局勢會全部滅亡。	1	0
消息來源是武漢市內防疫系統內部會議的錄音，已經定明為SARI了，確定是SARS的進化病毒（是否最終定名不知道）致病機理完全相同病毒進入人體後干擾免疫系統，讓免疫系統誤認肺細胞是外來物從而發起進攻。病人是被自己的免疫系統殺死的目前市面上所有的藥物均無效只有採用與SARS相同的方法:用激素壓致免疫系統，但同時，人體會非常虛弱。更嚇人的是，這個病毒比SARS聰明;1.潛伏期更長2.有患者從感染到發病，再到死亡，體溫始終是正常的(*也就是說，發熱不是該病的特徵症狀通過體溫篩查不能確保完全節查,這也是封城的原因)3.傳播速度更快，目前只獲得空氣傳播的證據，但不能明確是否還有其他途徑4.乙酸對病毒有效	0	0
民眾今日要出入路不通，騙子治國，昨天蘇撒幣大刺刺約全國媒體擺POS 拍照的…之後秀完了，路又封起來了…真的騙很大	0	0
日期：今年的6/22號，地點：桃園尊爵飯店的會場，當天早上約3百多個新住民（越南、中國、泰國、印尼…外籍新娘，具有投票資格者），只要上8小時『如何跟自己姐妹拉票』的課程，免費吃Buffet，和一個晚上6600元的旅館飯店一晚含早餐，統統全民買單，這不是買票什麼叫買票？	0	0
希望真的可以一槍斃命	0	0
當遊民太幸福……公務員竟不知遊民早知如此，何必念書、考試…奉獻一生…。現在台北市政府對於龍山寺遊民，單身每月給1萬8千元低收入戶補助，有配偶給予31000元，民進黨考量物價指數及通貨膨脹，希望再調高到34000元給予。結果年輕時努力讀書考試，在萬人中脫穎而出的軍公教人員，退休後所得33415元比台北市龍山寺遊民領的還要少。這叫我們如何教育下一代，努力讀書.考試.為國家奉獻一生，到老了大家領的都一樣多，甚至未來遊民有可能領比軍公教退休人員還多…，是不是要教育我們的下一代，不用努力盡情的玩樂，將來做遊民就好，反正領的比軍.公.教多。變相買票啊……拜託，請廣傳出去……	1	0
建議各位夥伴：公司其他紙類製品，有缺的可以考慮買一些，衛生紙、衛生棉、廚房紙巾，估計都會短缺，因應原料都拿去做口罩了...	1	0
魏大倫診所今天有一個病患確診武漢肺炎	0	0
公司其他紙類製品，有缺的可以考慮買一些，衛生紙、衛生棉、廚房紙巾，估計都會短缺，因應原料都拿去做口罩了	1	0
有消息傳來，今年投票，中選會使用油性印泥，不容易乾，蓋完選票折疊時會染到旁邊，開票時祇要是韓國瑜就是廢票，蔡X文就是有效票，如此做弊太無恥，大家告訴大家，廣傳出去，投票時要注意！稍為吹乾再折疊！	0	0
英紐約的律師執照被取消，連美國都知道小英的博士是假的，以下是被紐約最高法院判決的資訊	0	0
民進黨已經通過了『毒品條例』，校園內可以合法擁有50克的毒品，重量超過才會被視同販毒，台灣又增加毒品島的名稱...校園毒品零容忍遭封殺，藍委提嚴刑峻法被綠委攔阻	0	0
建議各位夥伴：公司其他紙類製品，有缺的可以考慮買一些，衛生紙、衛生棉、廚房紙巾，估計都會短缺，因應原料都拿去做口罩了	0	0
南部女性確診案例於成大，此患者症狀出現就診兩次才被確診，第一次誤診到隔離期間已到過多地	0	0
槍斃牠，再將其斬首，把頭高掛於中正紀念堂	1	0
英國買138 架最新型的F-35戰機才3619億。菜政府卻要花3900億買66架落後20年的F16戰機，原來美國是這樣支持台灣的，到底老美坑我們台灣呢？還是菜政府坑我們老百姓？菜政府害台灣百姓，大家群起抵抗這無能、貪腐、缺德……更多	1	0
看看人家越南政府，再看看我們台灣的那個#英明的政府#唉～大家都還在排隊買分配口罩…實在有夠+#xx@	1	0
獨家新聞。整批的疫區中國學生在中國警察的護送之下。趁著夜色，已經回到了成功大學校區。從此臺南東區淪陷。最近旅遊，請不要來臺南。	1	0
這些穢物全部送進火葬場燒掉菜GG和冥進黨也不可放過一齊燒掉做肥料。唉！可憐的老百姓再不覺醒真的無藥可救！	0	0
這幾天會下雨，千萬不要被雨淋到，離雨水遠一點！看氣象報告，這次下雨的雲層帶是從中國內路飄過來的，也就是重慶、湖北一帶過來的，雲層可能會夾帶細菌、病毒過來，請小心！	0	0
香港友人傳給我的影片，在被綠媒下架前，請用5分鐘時間看完，以私訊或LINE分享出去，且不要上傳臉書，會被封殺！這是蔡政府金援、聲援的暴民活動	0	0
民進黨用NCC控制各大媒體功夫一流吧！連登革熱疫情消息都不敢播報還幫台南市政府隱匿疫情。要不是正義人士用LINE轉PO我看全國同胞都被蒙騙，真是可惡至極。	0	0
警方在總統指示下，刻意在記者會現場桌上放置長短槍及西瓜刀等殺傷力較強武器	0	0
我剛到台灣，親戚說金門居家隔離100多個...	1	0
身為高雄市長，連行政區有哪些都背不出來，連高雄舊名『打狗』都講錯，真的是羞辱高雄人！	0	0
防疫關鍵時刻，你去買有極大可能帶有活病毒的對岸商品是想做甚麼？	0	0
今天才知道政府2月就出口8百萬副口罩給日本，卻不准家長寄布口罩給在海外求學、工作的小孩…	1	0
禮拜利用手機APP，預購成人口罩，稍早手機簡訊通知今日可到7-11取貨，就在剛才徒步走到7-11超商順利取貨完後，一手拿著牛皮信封【裝有9片口罩】，一手拿著咖啡，走在大馬路上，突然之間，一台改裝機車急速騎過，瞬間抽走我手上的牛皮信封，我嚇了一大跳，趕緊看著對方的機車車牌，對方居然用膠帶貼上遮蔽住車牌號碼，擺明是隨機行搶，特徵為：（一男，後座為一女行搶）山葉QC紅色車身，請各位朋友領取口罩後要收好，口罩千萬不要露白，否則就會像我一樣，還要再等14天後，才能再次預購口罩。	1	0
教育部備用兒童口罩領取指定服務據點	0	0
本月20日開始紅燈右轉罰$5,400，三次馬上吊銷駕照…交通警察準備向全國違規人，徵收年終獎金！…	0	0
本月20日開始紅燈右轉罰$5,400，三次馬上吊銷駕照…交通警察準備向全國違規人，徵收年終獎金！…	0	0
中華民國衛福部長：陳時中提醒大家：再次強調：別出門，端午節（6月25日）過後，再看疫情控制情況！警告：一旦染上，就算治癒了，後遺症也會拖累後半生！這場瘟疫比17年前的非典更嚴重，用的藥副作用更大。如果出了特效藥，也只能保命，僅此而已！出門前想想你家人，別連累家人，能不出門就不出門，大家一起轉發吧！這是一場戰役，不是兒戲，收起你盲目的自信和僥倖心理，也收起你事不關己高高掛起的態度，在這場戰役中沒有局外人！在家！在家！在家！不要點讚！求轉發！--陳時中	0	0
行政院宣布全臺9縣市明天起實施COVID－19新型冠狀病毒假期兩個星期，從2020年3月18日開始，所有上班族、學生（強制性）休假，以免傳播，檢查連結以查看您的縣市是否已列出：http：//bit.ly/MandatoryPaidleave	0	0
蔡英文作票，必須下臺	0	0
灣明天起實施COVID-19新型冠狀病毒假期兩個星期，從2020年3月17日開始，所有上班族、學生（強制性）休假，以免傳播，檢查連結以查看您的縣市是否已列出：http://bit.ly/MandatoryPaidLeave	1	0
收到重要情報請大家儲備1個月份左右的糧食和生活必需品，並且立刻到銀行提領所有的存款」、「米、麵、一些乾貨罐頭（香菇、枸杞…等可以放的乾貨）根莖類、莖菜類（平日可以吃）」、「上次通知今年初會有金融崩盤真的有發生」、「目前有一些背後的事件在進展」、「情勢會怎麼演變未確定建議要有適當的準備」、「到銀行提領所有的存款一個月的生活費以上	1	0
原來蔡英文是這樣做幣選上總統的！原來是如此公然作弊啊！	0	0
向任職店員即關係人陸妍蕙咳嗽，並於結帳離開時稱：我剛從武漢回來	0	0
阿文民雄…隊…(128)」之群組內轉發散佈「越南政府派年輕人在路口發免費口罩，反觀台灣民進黨政府對於武漢肺炎沒有作為，口罩還要排隊買	1	0
口罩七天兩片怎麼用？不用怕，我教你，一片戴，一片洗	1	0
口罩排隊奇觀，請大家來排隊拍照存證，一起來貼網』之不實謠言文章，並於該篇文章留言處，回覆網友『為了排隊買口罩，被車輾斃！唉！』、『如果不是為了買口罩，他不會出門，就不會遇到死結	0	0
臺灣明天起實施COVID-19新型冠狀病毒假期兩個星期，從2020年3月17日開始，所有上班族學生（強制性）休假，以免傳播，檢查連結以查看您的縣市是否已列出：http://bit.ly/MandatoryPaidLeave	0	0
如果超過四十個案例，總統就要下台，所以1直壓著真實數，其實疫情已經散播開了，高雄、臺南等地每天都得運好幾卡車的屍體去臺中統1焚化	0	0
解放軍5月份武力收復台灣萬事俱備只欠一個藉口	0	0
任何人，在巴士，地鐵見到手上戴著這樣的手環，要小心遠離，那是要隔離14天的新型肺炎人仕。私自外出。小心。	0	0
多60條生產製造時日產1000萬片時3月底！台灣殺殺時死亡105人約！陸13意人死了350人約！台灣人世界第一？？比例嚇到了！！！！反應過來自然警張！！韓日泰星意沒見過世面？一付無關警要的態度？？不要要功還沒有結凍呢？？？	0	0
我昨天回老家聽我親戚外傭說虎尾的外傭都去醫院外圍撿民眾丟在路邊的口罩，然後回去清醒乾淨燙整齊後上網賣，叫我們不可以上網賣。所以奉勸大家別網路買來路不明的口罩啊	1	0
新北市那裡已經被封城了	1	0
禮拜二晚上家裡群組的某長輩傳以下訊息：開始一堆人囤貨大搶購所以是？是在哈囉？大賣場的廣告嗎？	0	0
吃屎哥幹嘴巴再臭一點沒關係，抓到那邊操俗啦幹	1	0
請大家儲備1個月份左右的存糧和生活必需品，並立刻到銀行提領所有存款	0	0
血友病童爸爸上海人媽媽湖北人依親住台灣是因為健保一個月補助160萬！	0	0
隨手錄製之交通事故影片，惟係因當時其駕駛132-Y7號自用大貨車行駛苗140線時聽到車內無線電有在說17公里處有交通事故死了3個人	0	0
To吳釗燮部長，你知道台灣人一週只能買三片口罩嗎？你知道台灣疫情正在擴大嗎？疫情指揮中心很辛苦，你卻在扯後腿嗎？最重要的是～你知道昨天小編排隊87分鐘，只買到最後一份兒童口罩＃捐口罩人家新聞還不敢直接用台灣＃真的有夠賤的	0	0
民進黨已經通過毒品條例了，校園可以擁有50克毒品，才被視同販毒	1	0
集體偷票無法無天	0	0
阮銀雪（林源慶之妻）在外有男人	0	0
大家要有心理準備，康乃馨是濕紙巾最大供應商，目前工廠都在趕工口罩，還被政府徵收，濕紙巾需要的也小屯（按：應為囤之誤）一下吧～現在生產線都爆滿～～～現貨售完就要等到3月了～～	0	0
臺灣明天起實施COVID-19新型冠狀病毒假期兩星期，從2020年3月17日開始，所有上班族學生（強制性）休假，以免傳播。檢查連結以查看您縣市是否已列出：http://bit.ly/Mandatorypaidleave	1	0
我家及親戚們都有買到超薄口罩，那根本不是醫療口罩，政府魚目混珠詐騙人民	1	0
結果口罩販賣機超悲劇。因為無法限制每人購買卡數，大家都拿5-10張健保卡購買，不到一小時內就被搶光，後面淋雨排隊一小時買不到大罵	1	0
中共開不了工就只能開戰所以大家這幾週要屯一點戰備糧食	0	0
今天才知道政府2月就出口8百萬副口罩給日本，卻不准家長寄布口罩給在海外求學、工作的小孩	1	0
寶瓶星號剛放回的一千七百人只量體溫沒篩檢檢體，這保證是真的，我沒在編故事	1	0
政府不准武漢台灣同胞回國~因為怕防疫漏洞、醫療匱乏？政府可以讓陸資來台！只要人民幣換美金就沒病毒？政府說健保制度快破產~20萬美元可以讓陸籍人士『享受台灣高級醫療健保』？政府罔顧同胞安危健保財務危機只要錢…	0	0
臺灣明天起實施COVID-19新型冠狀病毒假期兩星期，從2020年3月17日開始，所有上班族學生（強制性）休假，以免傳播。檢查連結以查看您縣市是否已列出：http://bit.ly/Mandatorypaidleave（下稱系爭訊息）	1	0
血友病童家人國籍之文章」，為「寄生臺灣…為什麼會有父母小孩全家都不是臺灣人，也不住在臺灣，卻可以使用臺灣健保…	0	0
草埔隧道不通、騙子治國…	0	0
連假後接下來兩週　台灣抵死不篩，一律診斷是流感　會讓多少人死得不明不白　有掛嗎？沒有篩檢，就沒有確診沒有確診，就沒有疫情　有掛嗎？大家好自為之　希望你不是死亡率的那2%　有掛嗎？	0	0
「越南人」、「通報居家隔離逃逸」、「昨晚從台中包計程車過來的」、「目前定位在埔里高工」、「有發現此人請通報謝謝」	0	0
大麻可殺死武漢肺炎病毒	1	0
算起來一箱的貨運成本要3000，原來，我做網拍的朋友，都是深藏不露的大戶人家啊。上次我收到比一箱口罩還要大件的傢俱，運費才新臺幣（下同）300元，原來是傢俱工廠吸收了2700元……出一趟車最少賺15萬，你他媽的運口罩比運毒品還好賺啊？	0	0
散布該棟建築發生靈異事件	0	0
